ISBN,TITLE,AUTHOR,PUBLISHER
475132690-2,Exclusive solution-oriented core,Chancey,Aimbu
482201311-1,Stand-alone executive open system,Sammie,Jaloo
315845745-8,Intuitive static architecture,Engelbert,Skiptube
500673168-0,Quality-focused regional structure,Mordecai,Fivebridge
015434983-6,Balanced homogeneous conglomeration,Halsy,Meemm
566192144-6,Fundamental 24/7 hardware,Theobald,Podcat
239681589-X,Multi-tiered 4th generation definition,Archie,Twimbo
900759726-4,Profound global policy,Ignacius,Skajo
947850111-9,Switchable hybrid firmware,Paco,Dynava
256135512-8,Implemented upward-trending attitude,Marchall,Jabbersphere
517924944-9,Versatile local methodology,Niel,Jazzy
891859325-2,Customer-focused asynchronous analyzer,Tucky,Brightdog
974206127-0,Ameliorated hybrid emulation,Elmer,Pixope
148732994-6,Optimized 3rd generation implementation,Perry,Avaveo
286299427-8,Proactive zero tolerance instruction set,Artair,Tazz
755890449-8,Ameliorated motivating functionalities,Baxie,Mita
920219016-X,Optional modular throughput,Bondon,Fatz
945898339-8,Switchable disintermediate system engine,Adan,Aimbu
482519949-6,Organized holistic installation,Vidovik,Cogilith
611019540-5,Front-line incremental implementation,Morris,Wikibox
521419730-6,Programmable modular database,Grant,Meembee
193675774-5,Stand-alone discrete matrices,Philip,Rooxo
015051342-9,Down-sized regional ability,Ewell,Reallinks
299160740-8,Secured responsive leverage,Clair,Centimia
724862245-1,Visionary zero administration protocol,Webb,Mynte
540239414-8,Up-sized neutral encoding,Gay,Kazio
934966441-0,Right-sized zero defect time-frame,Archy,Eidel
105878534-6,Integrated background focus group,Trey,Zoovu
038594620-1,Phased composite paradigm,Emory,Blogtags
277712995-9,Streamlined system-worthy info-mediaries,Gunter,Yodel
439843149-7,Mandatory logistical leverage,Jere,Meedoo
611769678-7,Synergistic zero tolerance local area network,Batholomew,Skimia
184296067-9,Multi-tiered exuding concept,Leonardo,Topicstorm
154515418-X,Open-architected user-facing success,Brewster,Babbleblab
736610430-2,Vision-oriented uniform access,Artair,Twitterwire
252233052-7,De-engineered executive capacity,Giraud,Trudoo
975855991-5,Switchable local internet solution,Marten,Dabjam
710864207-7,Seamless leading edge budgetary management,Danya,Eamia
222973575-6,Fully-configurable local instruction set,Tann,Feednation
621263649-4,Extended eco-centric strategy,Willis,Dazzlesphere
505181999-0,Total full-range workforce,Raff,Jatri
334634815-6,Multi-layered high-level service-desk,Bradley,Babbleset
463475051-1,Profit-focused tertiary frame,Salvidor,Zoozzy
702955695-X,Switchable optimizing moderator,Garrik,Jabberstorm
446653494-2,Re-engineered local flexibility,Delmer,Skynoodle
678067271-8,Compatible encompassing intranet,Noland,Mynte
577179247-0,Business-focused full-range task-force,Boyce,Bubblemix
847413645-8,Networked incremental ability,Elmore,Twinte
943897707-4,Operative composite approach,Frank,Divavu
786202973-9,Down-sized needs-based internet solution,Ryan,Skilith
885042974-6,Re-contextualized tangible toolset,Tracy,Thoughtworks
734683517-4,Monitored optimal internet solution,Adlai,Snaptags
618435070-6,Progressive needs-based functionalities,Nickey,Twinte
232364655-9,Inverse asynchronous budgetary management,Gav,Zoonder
780265279-0,Up-sized radical hierarchy,Kiel,Zoonder
772400647-4,Mandatory global ability,Georas,Thoughtbeat
962143626-5,Persistent upward-trending benchmark,Jeramie,Centizu
258315061-8,Robust responsive model,Clair,Oyondu
213841499-X,Operative actuating synergy,Judas,Babblestorm
396843626-1,Quality-focused demand-driven capacity,Kain,Jetwire
950451026-4,Integrated logistical parallelism,Ellis,Realbuzz
341359019-7,Switchable directional ability,Sutherland,Buzzshare
717672773-2,Horizontal holistic hierarchy,Obie,Fatz
800214444-9,Enhanced multi-tasking time-frame,Hurlee,Kare
142598102-X,Profound static encryption,Fidelio,Dabvine
141196616-3,Multi-lateral local application,Edvard,Yata
126188192-3,Managed asymmetric open architecture,Sheffield,Agivu
420123218-2,Multi-lateral user-facing local area network,Jed,Topdrive
780180422-8,Object-based foreground local area network,Cris,Oloo
242162130-5,Horizontal encompassing neural-net,Griffie,Zoomlounge
033257857-7,Exclusive interactive initiative,Yul,Einti
087622610-1,Reverse-engineered foreground ability,Jone,Zava
047812024-9,Focused systematic initiative,Lucho,Bubblemix
624270021-2,Persistent disintermediate artificial intelligence,Harlin,DabZ
665370247-2,Assimilated cohesive Graphic Interface,Jodi,Wordpedia
889680295-4,Expanded impactful orchestration,Guillaume,Thoughtstorm
601644393-X,Total mission-critical pricing structure,Yurik,Livepath
430143978-1,Versatile fresh-thinking open system,Nap,Kazu
069850311-2,Profound well-modulated installation,Brennen,Kazu
186812313-8,Stand-alone user-facing orchestration,Gael,Yamia
004065385-4,Virtual executive support,Jeffrey,Topicstorm
311650997-2,Visionary demand-driven portal,Ephraim,Yata
525457104-7,Exclusive homogeneous synergy,Delaney,Jaxworks
315903006-7,User-friendly 24/7 neural-net,Griffie,Youfeed
320941195-6,Seamless cohesive attitude,Hermann,Blogpad
341591555-7,Compatible interactive Graphical User Interface,Dannie,Tagtune
037016356-7,Up-sized bandwidth-monitored info-mediaries,Parsifal,Npath
717984937-5,Seamless content-based attitude,Bailie,Miboo
555926768-6,Persistent impactful hierarchy,Kristopher,Chatterpoint
540816719-4,Stand-alone systematic core,Myles,Yakidoo
094645465-5,Up-sized explicit interface,Tedman,Oloo
425190236-X,Networked foreground internet solution,Claus,Bluezoom
804989224-7,Operative executive access,Arther,Zazio
858848657-1,Adaptive dedicated pricing structure,Dennison,Jatri
142868119-1,Reverse-engineered cohesive budgetary management,Forbes,Yata
549223591-5,Business-focused upward-trending open system,Dill,Topiclounge
204711370-9,Re-engineered impactful project,Vernor,Ntag
869380640-8,Pre-emptive logistical infrastructure,Zachery,Thoughtstorm
202651464-X,Monitored bifurcated orchestration,Nev,Flashpoint
612884952-0,Multi-channelled heuristic portal,Ingamar,Vitz
147371348-X,Customizable fresh-thinking complexity,Michale,Latz
537564100-3,Horizontal mobile matrices,Benedikt,Dynava
851088114-6,User-centric global success,Avictor,Tagcat
215112637-4,Universal zero tolerance data-warehouse,Brodie,Podcat
185471539-9,Multi-layered hybrid hardware,Jervis,Teklist
825443669-X,Self-enabling content-based attitude,Osbert,Talane
069386021-9,Up-sized tertiary local area network,Angelico,Quinu
925807863-2,Cross-group eco-centric policy,Finn,Skivee
354557550-0,Fundamental context-sensitive internet solution,Tadio,Blogtag
410029769-6,Persevering discrete moderator,Berke,Lajo
343494734-5,Advanced background process improvement,Milt,Realcube
332173087-1,Multi-layered responsive paradigm,Skipper,Edgewire
087311683-6,Mandatory context-sensitive circuit,Jed,Kwinu
542549764-4,Front-line reciprocal methodology,Stefan,Midel
133098283-5,Centralized holistic archive,Gallard,Myworks
700296651-0,Optimized bandwidth-monitored benchmark,Felix,Topicstorm
664620821-2,Implemented leading edge migration,Muhammad,Skinte
990132562-5,Face to face upward-trending concept,Sutton,Blognation
742336169-0,Reverse-engineered dynamic architecture,Thor,Skinte
779383863-7,Progressive national structure,Raviv,Meemm
769175492-2,Cross-platform 3rd generation strategy,Alvan,Yodoo
227423985-1,Networked directional parallelism,Xenos,Meedoo
498828539-1,De-engineered 4th generation middleware,Creighton,Blogtag
802424022-X,Balanced dynamic access,Vinson,Topiclounge
301632894-1,Robust non-volatile projection,Noe,Rhynoodle
364046000-6,Quality-focused full-range time-frame,Lind,Oyoba
786800679-X,Focused optimal hierarchy,Israel,Thoughtstorm
373978131-9,Adaptive user-facing capability,Nikolas,Kaymbo
209688101-3,Automated solution-oriented hierarchy,Arthur,Linkbridge
373003048-5,Devolved discrete success,Hagan,Podcat
695182188-7,Object-based zero tolerance protocol,Chris,Gabtune
044395238-8,Organized even-keeled hierarchy,Munmro,Yadel
605569567-7,Reactive high-level implementation,Pryce,Ntag
298436194-6,Optimized systematic parallelism,Menard,Browsebug
573352340-9,Integrated exuding alliance,Ezequiel,Dabvine
598757983-X,Reverse-engineered transitional intranet,Herby,Buzzdog
834746858-3,Balanced static structure,Isak,Tagcat
206853784-2,Persevering asymmetric function,Aldin,Izio
646192538-4,Programmable explicit projection,Waylan,Browsetype
370226840-5,Automated bandwidth-monitored instruction set,Killie,Gabtune
165558034-5,Persevering interactive encoding,Brad,Twitterbridge
657798225-2,Secured bottom-line capacity,Tobit,Trudeo
343054741-5,Multi-lateral holistic concept,Ira,Wikizz
048471664-6,Synergized eco-centric emulation,Maximo,Bubblemix
604800269-6,Distributed solution-oriented data-warehouse,Niccolo,Yata
442476245-9,Multi-tiered actuating superstructure,Luis,Riffwire
366275560-2,Distributed local groupware,Ambros,Rhynyx
462238922-3,Automated discrete system engine,Torry,Izio
552604911-6,Open-architected modular flexibility,Abba,Avamba
532612480-7,Balanced fresh-thinking success,Byran,Browsebug
137235976-1,Team-oriented multimedia knowledge user,Pat,Realblab
141466458-3,Face to face executive analyzer,Brockie,Gevee
745935294-2,Realigned cohesive initiative,Crosby,Flipstorm
146071451-2,Integrated intermediate moratorium,Jerrold,Skiptube
323397362-4,Diverse even-keeled solution,Titos,Jayo
562160483-0,Business-focused full-range leverage,Lemmie,Camimbo
711010297-1,Universal motivating standardization,Rickard,Wikizz
786138771-2,Proactive incremental core,Wainwright,Tazzy
084277598-6,Managed hybrid collaboration,Kale,Eabox
010935527-X,Horizontal mission-critical core,Roderich,Edgeblab
438599871-X,Polarised holistic installation,Even,Layo
204819735-3,Programmable local hub,Trefor,Avamba
721016615-7,Enhanced bottom-line ability,Edvard,Oozz
991663179-4,Polarised multimedia throughput,Yorgos,Yadel
478311509-5,Progressive needs-based archive,Sid,Trupe
217199096-1,Decentralized object-oriented time-frame,Cosimo,Wordify
189184820-8,Face to face asymmetric installation,Toby,Twiyo
811450510-9,Focused zero administration standardization,Virgie,Twitterbridge
749746745-X,Synergized fault-tolerant open architecture,Laurent,Agimba
489654578-8,Polarised analyzing collaboration,Field,Tekfly
040332145-X,Synchronised 24 hour synergy,Che,Dablist
459413774-1,Virtual national capacity,Reuben,Pixoboo
079570157-8,Universal 6th generation workforce,Heath,Jabberbean
983640438-4,Ergonomic bi-directional time-frame,Charlton,Thoughtbridge
187560726-9,Diverse systematic project,Kayne,Viva
124055715-9,Profit-focused multi-state pricing structure,Chaim,Youspan
071507482-2,Down-sized eco-centric paradigm,Esteban,Jamia
752973885-2,Object-based system-worthy protocol,Etienne,Topicware
297301261-9,Networked radical analyzer,Claudell,Jaxbean
867292583-1,Adaptive system-worthy projection,Wells,Brainsphere
913861926-1,Decentralized content-based internet solution,Chrisy,Oodoo
889175154-5,Monitored well-modulated ability,Aaron,Voonder
915560582-6,Digitized next generation frame,Allyn,Thoughtmix
490706476-4,Vision-oriented heuristic application,Nikolos,Avaveo
571328148-5,Integrated context-sensitive collaboration,Bryce,Vimbo
238131183-1,Cloned actuating knowledge user,Farlie,Linkbuzz
345129384-6,Persistent logistical hub,Worthy,Buzzshare
813104764-4,Assimilated 24 hour installation,Tye,Brightbean
588890706-5,Open-source motivating internet solution,Bartholomew,Oodoo
272543337-1,Ergonomic bottom-line array,Odey,Eamia
278579091-X,Diverse systematic system engine,Alphonso,Oloo
383533172-8,Enterprise-wide 6th generation solution,Giorgi,Talane
693966782-2,Stand-alone intermediate customer loyalty,Dominique,Twimm
269041602-6,Distributed global migration,Griffie,Digitube
271386284-1,Exclusive systematic challenge,Page,Zoonoodle
608069076-4,Advanced regional utilisation,Reg,Fiveclub
606412486-5,Profound bandwidth-monitored encryption,Andy,Jazzy
645324465-9,Future-proofed zero tolerance function,Jessey,Jayo
182622050-X,Front-line even-keeled synergy,Alic,Meetz
460327838-1,Cloned homogeneous service-desk,Clair,Fiveclub
072413611-8,Switchable demand-driven toolset,Nathanael,Izio
670365657-6,Compatible multi-tasking moratorium,Tiebold,Talane
753202297-8,Reduced encompassing alliance,Carolus,Linkbuzz
356098519-6,Multi-tiered analyzing capacity,Goober,Wordify
135576809-8,Future-proofed mission-critical firmware,Udale,Geba
914551157-8,Optional motivating support,Otto,Realblab
691476091-8,User-centric modular orchestration,Sergeant,Realcube
530105005-2,Intuitive disintermediate product,Jamey,Skyble
648470185-7,Team-oriented tertiary website,Lorenzo,Oba
439708134-4,Balanced next generation time-frame,Rutter,Camimbo
761615190-6,Inverse bottom-line help-desk,Melvyn,Photospace
702143049-3,Progressive responsive portal,Bord,BlogXS
729758670-6,Seamless directional open system,Fair,Tazz
188301754-8,Visionary national knowledge user,Thorn,Youspan
537844166-8,Distributed radical moratorium,Gottfried,Mita
062526750-8,Organized heuristic hub,Torr,Skimia
734953740-9,Decentralized 4th generation access,Thorstein,Feedfish
124074152-9,Persistent 24 hour process improvement,Husain,Fivebridge
673702338-X,Versatile optimal architecture,Milton,Mymm
606371590-8,Innovative high-level moderator,Dirk,Bubbletube
206764427-0,Business-focused value-added success,Wallie,Centimia
037618612-7,Adaptive optimal instruction set,David,Eamia
065811111-6,Progressive 24 hour benchmark,Mychal,Roomm
202338268-8,Pre-emptive regional core,Ivor,Photojam
700143704-2,Optimized dynamic access,Wait,Lajo
344244536-1,Universal analyzing moderator,Gery,Youopia
308170793-5,Virtual explicit installation,Penny,Topicshots
551690353-X,Streamlined real-time projection,Slade,JumpXS
687948033-0,Adaptive mobile capability,Jeremie,Vinte
997731122-6,Seamless global solution,Greg,Kazio
323124074-3,Operative user-facing methodology,Evin,Wordpedia
779918759-X,Upgradable scalable framework,Rickie,Rhybox
696726331-5,Phased fault-tolerant knowledge base,Brannon,Skaboo
786164080-9,Diverse motivating Graphic Interface,Bondon,Dynava
011553352-4,Synergized human-resource contingency,Addy,Cogibox
272229517-2,Fully-configurable even-keeled migration,Nester,Agimba
895824852-1,Customizable regional system engine,Otes,Blogpad
938044292-0,Fully-configurable bandwidth-monitored ability,Mel,Oozz
553491963-9,Cloned analyzing superstructure,Grant,Leexo
064607912-3,Cross-platform exuding middleware,Domenico,Jayo
892988463-6,Advanced dedicated middleware,Jerad,Buzzbean
059576322-7,Future-proofed incremental help-desk,Henderson,Digitube
336781053-3,Integrated systemic adapter,Vite,Centizu
077310175-6,Cross-platform eco-centric focus group,Garwood,Mydeo
234327640-4,Open-source zero administration capability,Martino,Aibox
153109904-1,Horizontal disintermediate capability,Romain,Roomm
242313346-4,Vision-oriented grid-enabled capability,Dirk,Centimia
955087737-X,Vision-oriented optimizing function,Derril,Skinder
787567736-X,Open-architected mobile synergy,Welch,Edgeify
183347101-6,Secured exuding Graphical User Interface,Austin,Wordify
479124131-2,Intuitive client-server open architecture,Wakefield,Fivebridge
597588751-8,Customer-focused composite methodology,Xenos,Twimm
869877015-0,Devolved transitional solution,Ulric,Twinte
225822035-1,Multi-layered even-keeled open architecture,Ives,Chatterbridge
966189825-1,Business-focused homogeneous knowledge user,Gram,Youbridge
790876602-1,Object-based human-resource system engine,Clerc,Zoomcast
317811428-9,Reverse-engineered tangible hierarchy,Ax,Mynte
068280686-2,Integrated fresh-thinking structure,Phip,Mycat
726231860-8,Visionary systemic local area network,Daryl,Wordpedia
332693092-5,Distributed composite time-frame,Othello,Trudeo
140090349-1,Synergistic uniform system engine,Andres,Oyonder
373588584-5,Persistent neutral hardware,Zaccaria,Tagcat
102543889-2,Diverse value-added standardization,Adolph,Vipe
602038844-1,Inverse disintermediate strategy,Siegfried,DabZ
787348189-1,Ergonomic optimizing leverage,Carlyle,Flipbug
686939157-2,Implemented zero defect function,Olag,Livepath
665958994-5,Triple-buffered fault-tolerant customer loyalty,Judon,Realpoint
129057860-5,Seamless 5th generation hub,Jamie,Skidoo
860807492-3,Customizable demand-driven approach,Abramo,Jaloo
925606763-3,Adaptive intangible internet solution,Kenyon,Youspan
809636705-6,Function-based object-oriented knowledge user,Verne,Browsezoom
199218451-8,Virtual client-server architecture,Elvis,Yabox
505615244-7,Multi-lateral asymmetric forecast,Keven,Oyonder
739397988-8,Digitized zero administration hub,Fritz,Jetpulse
790707635-8,Cloned value-added support,Phip,Mycat
225111461-0,Inverse discrete capability,Hobard,Realbuzz
255508399-5,Balanced full-range database,Wallache,Roodel
027533519-4,Function-based multi-state productivity,Bernie,Devpoint
848557899-6,Open-source interactive leverage,Sheffie,Dabfeed
702217299-4,Enterprise-wide well-modulated emulation,Yanaton,Yoveo
673995805-X,Virtual executive workforce,Reed,Npath
277230374-8,Organized multi-tasking data-warehouse,Hobie,Fatz
396303638-9,Front-line value-added benchmark,Gunter,Mynte
438909594-3,Down-sized leading edge throughput,Nathan,Thoughtblab
637294747-1,Managed attitude-oriented pricing structure,Jecho,Oyoloo
254879616-7,Object-based tertiary array,Bradney,Zava
350803687-1,Automated demand-driven encryption,Rodolph,Wordify
189991381-5,Object-based grid-enabled hub,Brooke,Snaptags
264903244-8,Public-key next generation complexity,Mannie,Topicshots
715839359-3,Persistent secondary collaboration,Powell,Meeveo
015511543-X,Triple-buffered fault-tolerant artificial intelligence,Gal,Riffwire
821280917-X,Polarised 3rd generation time-frame,Ellery,Quimm
915944651-X,Cross-group neutral hub,Gerhardt,Brainbox
960724016-2,Function-based motivating access,Matt,Yodo
297184741-1,Intuitive context-sensitive artificial intelligence,Neall,Skalith
462305629-5,Organic holistic orchestration,Nathanael,Pixope
067336367-8,Multi-channelled actuating conglomeration,West,Brainbox
021159433-4,Realigned client-server forecast,Vaughan,Quinu
758380011-0,Cross-group eco-centric data-warehouse,Marlin,Dabshots
531685245-1,Face to face heuristic moderator,Rutter,Fliptune
995204379-1,Ergonomic encompassing instruction set,Sutherland,Talane
409563183-X,Virtual zero defect paradigm,Phil,Quatz
299598923-2,Reactive optimizing structure,Pattie,Chatterbridge
635268171-9,Function-based executive throughput,Aguistin,Mybuzz
741990494-4,Universal value-added customer loyalty,Carling,Tagcat
871103260-X,Reverse-engineered clear-thinking open system,Gage,Babbleblab
003868921-9,Multi-channelled zero tolerance throughput,Freeland,Eadel
120545873-5,Enhanced heuristic Graphical User Interface,Calv,Jayo
246176111-6,Future-proofed explicit policy,Boycie,Edgepulse
348995309-6,Re-engineered tertiary utilisation,Giles,Bubblemix
083103891-8,Compatible user-facing Graphical User Interface,Dirk,Wordtune
761577587-6,Switchable national infrastructure,Killian,Camido
973935255-3,Mandatory hybrid database,Jeremie,Centizu
516212306-4,Innovative modular task-force,Forester,Reallinks
679886476-7,Optional analyzing pricing structure,Abba,Gigaclub
825403397-8,Optimized executive focus group,Malcolm,Divape
898123393-4,Self-enabling modular utilisation,Solly,Vinder
208465839-X,Multi-lateral multimedia focus group,Dana,Jaxspan
774839597-7,Multi-layered secondary focus group,Domenico,Yadel
810587041-X,Synchronised executive framework,Svend,Yadel
956015054-5,Fully-configurable grid-enabled framework,Herb,BlogXS
836772838-6,Synergized multimedia hierarchy,Flinn,Myworks
715402582-4,Diverse static parallelism,Grange,Yata
985647775-1,Customizable tangible collaboration,Bastian,Rhynyx
578532121-1,Triple-buffered well-modulated contingency,Homerus,Ntags
442375164-X,Realigned local concept,Creighton,Thoughtmix
323848905-4,Reduced reciprocal superstructure,Had,Jayo
745532589-4,Implemented maximized infrastructure,Henri,Youspan
302459234-2,Self-enabling eco-centric hierarchy,Barrett,Thoughtbridge
258696949-9,Adaptive actuating ability,Forest,Twitterlist
750428200-6,De-engineered multi-state artificial intelligence,Ignatius,Lazz
384279820-2,Automated global toolset,Niccolo,Izio
530482899-2,Monitored radical archive,Wilmar,Jabbersphere
390541275-6,Reactive modular secured line,Tedmund,Realcube
818903040-X,Balanced fault-tolerant matrix,Obed,Skilith
443534541-2,Multi-lateral explicit software,Sawyere,Oozz
634014811-5,Synergized user-facing attitude,Sancho,Edgeclub
288304813-4,Intuitive incremental artificial intelligence,Cleveland,Yacero
178307492-2,Customizable static budgetary management,Berkly,Kwinu
799058103-5,Upgradable even-keeled Graphical User Interface,Olly,Wikibox
263534812-X,Customizable analyzing capacity,Obadiah,Yakitri
711273332-4,Mandatory non-volatile groupware,Bernarr,Yata
859825826-1,Front-line mission-critical projection,Lucas,Tazzy
463534403-7,Mandatory multi-state archive,Sergeant,Livetube
816398299-3,Synergized directional installation,Kareem,Rhyzio
685414942-8,Organic modular application,Mandel,Kwideo
182043236-X,Operative multi-tasking strategy,Noel,Shuffledrive
183689394-9,Networked bottom-line capability,Davidde,Buzzster
328536993-0,Integrated reciprocal matrix,Sheppard,Vitz
026857274-7,Re-engineered web-enabled task-force,Munmro,Babblestorm
168072347-2,Switchable stable collaboration,Braden,Rhyzio
125032285-5,Switchable object-oriented process improvement,Randi,Blogpad
188544128-2,Proactive content-based budgetary management,Bink,Mydeo
129928426-4,Implemented upward-trending monitoring,Iver,Linkbuzz
366843704-1,Networked mission-critical artificial intelligence,Kilian,Mybuzz
012325358-6,Up-sized uniform budgetary management,Des,Edgeify
491189211-0,Decentralized executive task-force,De witt,Mybuzz
815494722-6,Extended explicit open system,Duff,Gigashots
620034301-2,Grass-roots intangible hardware,Worden,Thoughtstorm
268546488-3,Cross-group well-modulated firmware,Dave,Fivespan
105816663-8,Enhanced 6th generation productivity,Terrill,Wikizz
406114920-2,Multi-channelled national orchestration,Barrie,Avavee
338858126-6,Right-sized disintermediate open system,Cesare,Meembee
727052053-4,Decentralized executive forecast,Boote,Rhybox
825043265-7,Progressive foreground migration,Ezekiel,Topdrive
457844945-9,Cross-platform uniform architecture,Erroll,Voolia
157510244-7,Proactive 3rd generation strategy,Bobby,Jaxnation
127666278-5,De-engineered reciprocal initiative,Gail,Abata
973150121-5,Pre-emptive web-enabled protocol,Fair,Oloo
883363935-5,Assimilated mobile service-desk,Pete,Youopia
069631282-4,Innovative 3rd generation portal,Menard,Gigaclub
149834816-5,Object-based leading edge open system,Ignaz,Avaveo
230361398-1,Multi-layered tangible adapter,Chrissy,Lajo
367681617-X,Seamless multi-state leverage,Antone,Jetpulse
417403132-0,Fundamental mission-critical circuit,Allan,Vitz
207582451-7,Automated client-driven local area network,Wash,Tavu
568770451-5,Business-focused reciprocal algorithm,Bear,Oyoba
855753776-X,Fundamental incremental circuit,Bronnie,LiveZ
353244909-9,Persistent actuating system engine,Avery,Jayo
985142529-X,Quality-focused empowering pricing structure,Miltie,Youspan
447624960-4,Innovative optimizing contingency,Damian,Pixope
144638069-6,Grass-roots client-driven capability,Diarmid,Jaxspan
180128885-2,Automated 6th generation paradigm,Renato,Gabvine
994393078-0,Realigned asymmetric database,Dannel,Voonte
784087931-4,Sharable exuding challenge,Ahmad,Plambee
511174000-7,Horizontal secondary task-force,Wittie,Latz
532502322-5,Grass-roots leading edge algorithm,Henry,Agimba
256618180-2,Managed clear-thinking customer loyalty,Jarret,Trunyx
190561368-7,Triple-buffered composite implementation,Robby,Ainyx
285346405-9,Persistent high-level toolset,Derwin,Rhynyx
632179028-1,Pre-emptive even-keeled portal,Farly,Browsedrive
317518684-X,Streamlined exuding support,Inigo,Flashdog
170287203-3,Function-based 6th generation productivity,Freemon,Abata
018795121-7,Adaptive reciprocal secured line,Skippie,Layo
720486475-1,Implemented multi-state firmware,Rollie,Kayveo
832050376-0,Self-enabling impactful initiative,Rickie,Gigaclub
530394778-5,Profound local architecture,Ezequiel,Yombu
493533054-6,Adaptive 24/7 productivity,Alvis,Twimm
414229921-2,Compatible fresh-thinking database,Willdon,Yodel
699533786-7,Innovative grid-enabled benchmark,Tuck,Vitz
104191879-8,Triple-buffered tertiary parallelism,Cozmo,Skalith
191460335-4,Horizontal heuristic matrix,Man,Meevee
446224610-1,Managed even-keeled approach,Matthew,Gabspot
592957404-9,Implemented neutral capability,Hamel,Realcube
053608892-6,Open-architected local contingency,Rockey,Bubblebox
966028222-2,Object-based contextually-based database,Paddy,Roombo
290705147-4,Fundamental 3rd generation moratorium,Ravi,Divape
350280319-6,Extended stable model,Mohammed,Gigabox
717592553-0,Front-line transitional moratorium,Lay,Edgetag
377255606-X,Persistent dynamic application,Justen,Thoughtsphere
178325246-4,Centralized fresh-thinking website,Dugald,Izio
333412446-0,Advanced encompassing benchmark,Worth,Gevee
112099111-0,Multi-tiered static encoding,Sutton,Dynabox
348455299-9,Extended zero defect time-frame,Issiah,Zoozzy
406486783-1,Implemented clear-thinking Graphical User Interface,Shadow,Skimia
761548574-6,Multi-tiered human-resource budgetary management,Bobbie,Mymm
107367381-2,Quality-focused user-facing firmware,Norton,Dabjam
500311455-9,User-centric attitude-oriented open system,Kendricks,InnoZ
312258846-3,Organic uniform adapter,Deane,Gabvine
861961529-7,Business-focused content-based open system,Sanford,Thoughtblab
791457891-6,Mandatory upward-trending methodology,Whitaker,Flashset
587799232-5,Progressive maximized interface,Daron,Twitterbeat
892560628-3,Re-contextualized cohesive time-frame,Benjy,Twimbo
584061756-3,Re-contextualized zero tolerance collaboration,Andonis,JumpXS
937661341-4,Persevering intangible initiative,Harp,Mita
516064204-8,Programmable tangible service-desk,Jason,Buzzster
705555202-8,Total composite toolset,Aldo,Skivee
284262627-3,Front-line mobile installation,Buckie,Jaxnation
884419952-1,De-engineered systematic toolset,Craggy,Zava
948661543-8,Persevering explicit time-frame,Mace,Tekfly
525139979-0,Organized multi-tasking internet solution,Kinny,Katz
913168776-8,Compatible global neural-net,Arnoldo,Trilia
611878405-1,Organized foreground data-warehouse,Gordy,Photobean
488855778-0,Open-source fresh-thinking budgetary management,Monti,Twimm
028766800-2,De-engineered real-time conglomeration,Leo,Photobean
085949080-7,Compatible logistical hierarchy,Mord,Twitterwire
760453714-6,Persistent high-level system engine,Ephrayim,Blogpad
728469622-2,Distributed homogeneous initiative,Marc,Zoombeat
764989702-8,Innovative tertiary approach,Ian,Linktype
738865741-X,Monitored 24 hour superstructure,Jesus,Skinte
132619797-5,Extended hybrid forecast,Burlie,Browsebug
908449918-2,Multi-layered 24 hour standardization,Parry,Vitz
666205822-X,Organic stable software,Olly,Dabshots
274456845-7,Automated explicit throughput,Bobby,Rhyzio
632143214-8,Face to face dynamic framework,Any,Cogilith
229764088-9,Up-sized zero defect array,Lawton,Yabox
814087396-9,Re-engineered bi-directional info-mediaries,Zollie,Ainyx
788399088-8,Front-line stable conglomeration,Corbett,Riffwire
486025923-8,Ameliorated transitional local area network,Fabio,Roombo
781884720-0,Sharable systematic hierarchy,Bran,Snaptags
597980975-9,Centralized tertiary definition,Antonin,Miboo
081689782-4,Cloned transitional circuit,Conroy,Brainbox
961933205-9,Grass-roots zero defect hardware,Waverly,Skilith
774422059-5,Organic didactic forecast,Brewster,Youbridge
056462006-8,Cross-platform bottom-line pricing structure,Alfonso,Riffwire
959055129-7,Vision-oriented motivating groupware,Hewe,Camido
095365153-3,Assimilated maximized implementation,Vic,Jaloo
519863347-X,Versatile intangible algorithm,Abram,Katz
238462220-X,Focused dynamic framework,Myrvyn,Shufflebeat
945152000-7,Exclusive bifurcated extranet,Cary,Wordpedia
248372150-8,Synchronised high-level algorithm,Andy,Dabfeed
270980033-0,Enhanced didactic concept,Kippy,Shufflebeat
588482560-9,Digitized zero administration Graphical User Interface,Ab,Skiptube
264551089-2,Business-focused solution-oriented customer loyalty,Eugenio,Eayo
168371882-8,Networked mobile data-warehouse,Clayborn,Buzzshare
895027033-1,Self-enabling responsive extranet,Leicester,Voonyx
490349439-X,Realigned intangible alliance,Peirce,Gabtune
659611079-6,Decentralized uniform policy,Nikita,Yadel
764894232-1,Focused mobile conglomeration,Abraham,Dynabox
099267853-6,Optimized web-enabled pricing structure,Ransell,Avamm
412510696-7,Realigned explicit concept,Claus,Lajo
042124176-4,Innovative grid-enabled secured line,Cash,Cogilith
167912550-8,Open-source high-level encoding,Reider,Rhynyx
964270987-2,Customer-focused encompassing firmware,Elmer,Divanoodle
514351723-0,Exclusive client-driven superstructure,Carlo,Oyope
637037494-6,Face to face tangible conglomeration,Reese,Eadel
550483728-6,Re-contextualized transitional toolset,Wolfgang,Ntags
391822216-0,Intuitive executive attitude,Ollie,Gigabox
511053598-1,Front-line tangible neural-net,Vernen,Kamba
586673218-1,Reactive well-modulated moderator,Drake,Roodel
499162292-1,Persevering 3rd generation matrices,Laurence,Kamba
128467571-8,Extended real-time extranet,Dexter,Zava
329922471-9,Synchronised optimizing help-desk,Vernen,Pixoboo
286163318-2,Polarised responsive knowledge user,Elihu,Feednation
983365654-4,Ergonomic hybrid project,Moore,Zoonoodle
353312666-8,Innovative logistical local area network,Rickey,Dabjam
978941502-8,Ergonomic real-time customer loyalty,Durante,Kwilith
493432726-6,Multi-layered value-added model,Agustin,Vimbo
381336688-X,Profit-focused solution-oriented artificial intelligence,Bone,Demizz
544117397-1,Synchronised object-oriented portal,Winny,BlogXS
669148142-9,Re-contextualized actuating infrastructure,Royall,Twitternation
126874227-9,Customer-focused scalable challenge,Shep,Rhycero
289425282-X,Ergonomic asynchronous internet solution,Tracy,Minyx
726140869-7,Multi-layered eco-centric neural-net,Orion,Vinder
811099928-X,Persevering needs-based installation,Lee,Dazzlesphere
162541507-9,Synchronised responsive focus group,Winn,Skyble
878498551-8,Profound exuding moderator,Nealy,Skajo
760484682-3,Pre-emptive client-driven installation,Torrence,Devshare
641207142-3,Balanced bandwidth-monitored open architecture,Guthrie,Riffpedia
237227238-1,Synchronised 3rd generation utilisation,Konrad,Photolist
835349492-2,Virtual dedicated throughput,Justin,Snaptags
900892986-4,Assimilated foreground analyzer,Fax,Shufflebeat
870982200-3,Organic mobile artificial intelligence,Sully,Flashset
910343521-0,Switchable object-oriented instruction set,Shellysheldon,Youopia
564199517-7,Innovative didactic project,Cory,Reallinks
838612788-0,Digitized mobile analyzer,Gearard,Dabfeed
407172512-5,Enhanced dynamic service-desk,Augustine,Kwimbee
711799253-0,Profound context-sensitive productivity,Clim,Brightbean
202595754-8,Pre-emptive intangible definition,Devlen,Podcat
468693932-1,Fully-configurable reciprocal architecture,Ramsay,Skivee
457752553-4,Realigned reciprocal open system,Gordy,Cogibox
199112001-X,Proactive empowering benchmark,Xever,Centidel
315166624-8,Robust radical implementation,Tallie,Ooba
575595787-8,Ameliorated system-worthy standardization,Skip,Jetwire
917957314-2,Profit-focused didactic contingency,Tommy,Devpulse
666775733-9,Implemented asynchronous interface,Ennis,Roodel
126611308-8,Cross-platform bifurcated encryption,Lovell,Meembee
444395541-0,Multi-tiered multi-tasking customer loyalty,Aaron,Edgewire
714645439-8,Function-based discrete internet solution,Hollis,Yacero
202149700-3,Polarised 24 hour moratorium,Hillary,Skiba
009731096-4,Front-line clear-thinking customer loyalty,Northrup,Quatz
089881086-8,Inverse zero defect migration,Aluino,Skimia
823889537-5,User-friendly directional archive,Son,Teklist
965507474-9,Ameliorated bifurcated contingency,Lester,Shufflebeat
495506456-6,Fully-configurable zero tolerance interface,Em,Zoomcast
351410392-5,Enterprise-wide neutral initiative,Alf,Voomm
840804677-2,Synergized maximized knowledge base,Sully,Thoughtblab
159257616-8,Profit-focused radical groupware,Bailey,Skyble
277791700-0,User-friendly bi-directional customer loyalty,Vaughn,Thoughtmix
982298182-1,Reactive tangible throughput,Nye,Abata
431167340-X,Cross-group logistical frame,Gerrard,Livetube
468198456-6,Multi-channelled 24 hour groupware,Earvin,Tazz
573847424-4,Public-key national installation,Omar,JumpXS
420337883-4,Multi-lateral interactive approach,Seumas,DabZ
840863444-5,User-friendly client-driven support,Teodorico,Jabbercube
343758404-9,Versatile 4th generation flexibility,Terrell,Katz
494926203-3,Re-engineered multi-state firmware,Lane,Feedbug
679956350-7,Optimized interactive capability,Eugen,Blogtag
559889565-X,Integrated local definition,Nevins,Meetz
772018076-3,Profound fresh-thinking time-frame,Travus,Youtags
751171578-8,Devolved empowering knowledge user,Elwood,Wordtune
291188616-X,Vision-oriented neutral attitude,Kerk,Kwimbee
096988213-0,Triple-buffered didactic flexibility,Dall,Browsetype
512367065-3,Sharable high-level protocol,Gabbie,Lazz
326978747-2,Exclusive content-based initiative,Reginald,Shufflebeat
867857028-8,Vision-oriented contextually-based product,Gianni,Devcast
883952404-5,Exclusive 3rd generation functionalities,Ly,Twimm
457944989-4,Networked zero tolerance moderator,Ferdie,Oyoba
419766680-2,Intuitive reciprocal infrastructure,Clement,Flipstorm
686228036-8,Profit-focused non-volatile structure,Yorker,Meedoo
420437201-5,Programmable systemic secured line,Garv,Lazzy
546092037-X,Enhanced leading edge open system,Allyn,Vimbo
912378442-3,Expanded multi-state encryption,Kennie,Layo
447723442-2,Multi-channelled local analyzer,Lek,Geba
441226632-X,Visionary discrete portal,Claiborne,Browsecat
112989258-1,Programmable actuating open architecture,Clevey,Roomm
275959326-6,Cross-platform analyzing algorithm,Patsy,Feedspan
845471104-X,Polarised 24 hour extranet,Adair,Lajo
166100878-X,Profit-focused intangible circuit,Walton,Zoomzone
706171427-1,Distributed 24/7 capability,Fergus,Livetube
943698204-6,Public-key intangible artificial intelligence,Otho,Thoughtbeat
452467704-6,Phased non-volatile workforce,Ignace,Agivu
313118742-5,Extended national intranet,Daren,Avamm
358951943-6,Centralized global time-frame,Geordie,Meemm
179230388-2,Managed non-volatile moderator,Stanly,Yodoo
342234644-9,Object-based bandwidth-monitored encoding,Penny,Edgeblab
798538491-X,Customer-focused contextually-based budgetary management,Moishe,Jaxworks
123860379-3,Integrated leading edge capacity,Alejandro,Skajo
137148502-X,Innovative bifurcated customer loyalty,Sawyer,Mydo
607583232-7,Multi-lateral reciprocal capacity,Tristan,Eamia
701404177-0,Sharable multi-state concept,Uriah,Flashpoint
299754088-7,Secured uniform encoding,Purcell,Realcube
628695242-X,Front-line even-keeled protocol,Lemuel,Skynoodle
058298088-7,Optimized transitional approach,Johnathon,Jaloo
133377570-9,Profit-focused leading edge policy,Dickie,InnoZ
914350692-5,Centralized optimal utilisation,Waldemar,Quatz
890853106-8,Advanced value-added website,Jessey,DabZ
636018402-8,Synergistic responsive portal,Kin,Feedbug
543891741-8,Implemented bandwidth-monitored parallelism,Obie,Topicstorm
148329216-9,Inverse cohesive budgetary management,Doug,Browsezoom
200661201-8,Ameliorated multimedia product,Gabriele,Tambee
356170077-2,Centralized holistic open architecture,Farley,DabZ
187013245-9,Multi-layered multi-state policy,Kenon,Blognation
953246431-X,Up-sized optimal Graphic Interface,Glenden,Yata
727099130-8,Fully-configurable modular infrastructure,Munmro,Twitterbridge
311758140-5,Upgradable modular Graphic Interface,Walton,Youspan
019923356-X,Implemented 3rd generation framework,Bent,Realcube
327230276-X,Team-oriented background support,Warner,Photospace
197578301-8,Secured needs-based approach,Mauricio,Realblab
945967154-3,Team-oriented upward-trending budgetary management,Bernie,Vitz
604300957-9,De-engineered analyzing installation,Sargent,Buzzster
334981675-4,Expanded human-resource support,Winthrop,Lajo
963961214-6,Cloned systematic intranet,Mart,Bluejam
338037050-9,Progressive disintermediate hardware,Neill,Mybuzz
843795001-5,Function-based uniform implementation,Jens,Devcast
845237815-7,Optimized well-modulated archive,Ryon,Gabcube
453393546-X,Operative intermediate architecture,Leonerd,Trilith
848584168-9,Intuitive non-volatile function,Abbot,Kaymbo
340635421-1,Exclusive optimal system engine,Hube,Trupe
841062267-X,Extended leading edge local area network,Muffin,Ntag
824982050-9,Visionary background workforce,Lawry,Avamm
592906299-4,Robust 3rd generation software,Evelyn,Quatz
985349627-5,Networked bifurcated forecast,Hewie,Jabbertype
083363277-9,Optional composite hierarchy,Chaddy,Snaptags
779037601-2,Ergonomic incremental synergy,Grange,Twitterlist
378832000-1,Implemented disintermediate website,Puff,Dynabox
951006106-9,Digitized impactful budgetary management,Drud,Twitterlist
391198451-0,Balanced demand-driven project,Bram,Thoughtsphere
640952134-0,Automated dedicated installation,Adlai,Skippad
109617166-X,Customer-focused human-resource collaboration,Tudor,Jabbersphere
787074536-7,Customer-focused encompassing help-desk,Brewer,Skimia
147812346-X,Open-source regional success,Lem,Twitterlist
509840183-6,Optimized transitional time-frame,Myron,Gabcube
671227925-9,Universal systematic forecast,Burnard,Skynoodle
359105329-5,Progressive tertiary leverage,Randy,Fatz
157032535-9,Monitored content-based analyzer,Timofei,Trilia
600341197-X,Reduced didactic system engine,Benji,Feedfire
086101053-1,Polarised uniform standardization,Barris,Vinte
573133693-8,User-friendly value-added matrices,Garry,Jayo
351515146-X,Polarised multimedia focus group,Ben,Trudoo
581085250-5,Innovative user-facing capability,Berny,Blogtag
526672811-6,Mandatory full-range moderator,Harland,Fiveclub
428264120-7,Self-enabling executive capability,Giffer,Meeveo
265147277-8,Expanded multi-tasking capability,Bear,Zoovu
461140480-3,Compatible fault-tolerant complexity,Karim,Voomm
512974285-0,Customer-focused impactful archive,Morey,Blogtag
615473958-3,Up-sized attitude-oriented open architecture,Leonidas,Thoughtworks
718675812-6,Automated tertiary parallelism,Lowell,Oozz
202723793-3,Enterprise-wide encompassing firmware,Wit,Topicware
380050698-X,Total background open architecture,Dante,Zava
443002521-5,Expanded stable analyzer,Klaus,Trupe
229292644-X,Implemented mobile throughput,Regan,Avaveo
319152781-8,Exclusive 5th generation Graphical User Interface,Nickolaus,Demivee
274533344-5,Synergistic non-volatile neural-net,Alic,Yabox
458590580-4,Team-oriented encompassing internet solution,Bertie,Voomm
239155289-0,Profit-focused 4th generation knowledge user,Kinsley,Twinte
262425145-6,Right-sized optimizing superstructure,Elmo,Dabvine
270481542-9,Public-key value-added collaboration,Cletus,Devpoint
457249083-X,Team-oriented logistical intranet,Ralf,Jayo
153741023-7,Ergonomic grid-enabled productivity,Sholom,Pixonyx
058891347-2,Streamlined multi-tasking core,Fran,Skivee
913816941-X,Networked human-resource hardware,Sigvard,Livefish
575783151-0,Profit-focused homogeneous productivity,Shaun,Zoonoodle
435842407-4,Intuitive motivating installation,Chaim,Mycat
770237407-1,Monitored incremental instruction set,Brendis,Skibox
698223509-2,Adaptive non-volatile Graphical User Interface,Evelyn,Blogpad
489063409-6,Up-sized uniform knowledge base,Otis,Yodel
016506695-4,Open-architected even-keeled focus group,Eberhard,Edgeclub
377029387-8,Open-architected global benchmark,Ly,Quimm
726476149-5,Open-source asynchronous forecast,Merill,Meejo
764493600-9,Focused real-time process improvement,Raymund,Tambee
968834328-5,Programmable incremental access,Odey,Skilith
943382118-1,Open-source intermediate moratorium,Ruperto,Gabtune
251168719-4,Exclusive empowering service-desk,Ax,Feednation
248656709-7,Down-sized actuating neural-net,Thedric,Avaveo
927247376-4,De-engineered leading edge pricing structure,Baldwin,Skyba
344975321-5,Horizontal national conglomeration,Hussein,Yoveo
537794942-0,Sharable uniform orchestration,Akim,Eidel
080665763-4,De-engineered stable moderator,Penn,Dazzlesphere
935057823-9,Configurable radical moderator,Cam,Livetube
068783938-6,Open-source uniform implementation,Mathe,Twimbo
569520149-7,Triple-buffered 6th generation array,Niles,Yata
277981111-0,Synergistic multi-tasking leverage,Garrot,Fivebridge
796745229-1,Robust 4th generation open architecture,Chauncey,Wordify
251181603-2,Networked clear-thinking application,Orson,Dabvine
066256139-2,Streamlined logistical workforce,Flinn,Meetz
201840803-8,Extended 3rd generation installation,Torey,Skajo
485160448-3,Vision-oriented foreground firmware,Ugo,Fivechat
625646688-8,Function-based radical productivity,Karlis,Lajo
217447482-4,Reactive 3rd generation frame,Dennie,Topicware
635586353-2,Diverse tertiary emulation,Ritchie,Yadel
713943548-0,Expanded object-oriented model,Roger,Thoughtblab
872082563-3,Total stable encoding,Aylmer,Jayo
790633754-9,Innovative cohesive capability,Woody,Muxo
881900088-1,Organic asymmetric model,Roman,Mybuzz
229777311-0,Integrated modular standardization,Gabe,Rhybox
162637234-9,Multi-tiered object-oriented synergy,Humphrey,Photolist
628333866-6,Face to face bifurcated encryption,Lonnie,Vipe
090892238-8,Public-key value-added emulation,Muhammad,Voonte
249435031-X,Multi-tiered dynamic policy,Birk,Avaveo
532075595-3,Profit-focused fault-tolerant instruction set,Benoit,Realmix
584333428-7,Optional full-range knowledge base,Reggis,Skiba
848067648-5,Expanded executive encryption,Lester,Oyope
027823457-7,Multi-channelled contextually-based hardware,Randy,Avamm
639920496-8,Assimilated user-facing contingency,Burk,Skynoodle
520741281-7,Visionary global secured line,Darwin,Yombu
443947326-1,Advanced non-volatile workforce,Land,DabZ
467636741-4,Universal exuding matrix,Adams,Tambee
350844756-1,Diverse methodical standardization,Fritz,Yoveo
524828777-4,Synchronised bandwidth-monitored frame,Godart,Twitterwire
217654473-0,Object-based methodical Graphic Interface,Sal,Eayo
448515858-6,Enhanced tangible artificial intelligence,Valentine,Agimba
890287911-9,Diverse client-driven contingency,Morris,Twitternation
767347233-3,Organized human-resource secured line,Holden,Cogidoo
109263766-4,Ameliorated context-sensitive methodology,Fulton,Wikido
487066705-3,Innovative global contingency,Nicolais,Photospace
141385879-1,Profit-focused analyzing protocol,Sal,Eazzy
400472314-0,User-friendly 6th generation customer loyalty,Natty,Zoombox
199418132-X,Multi-lateral tangible database,Ephrayim,Edgetag
252040771-9,Organic homogeneous implementation,Northrop,Youopia
718098105-2,Upgradable dedicated conglomeration,Marlo,Skinder
064665983-9,Function-based content-based open architecture,Farlie,Myworks
299300020-9,Phased foreground framework,Everett,Skynoodle
726222624-X,Digitized executive secured line,Thorpe,Browsecat
158563441-7,Persevering background project,Brewster,Innotype
792875900-4,Sharable fresh-thinking definition,Cordie,Browsecat
374064078-2,Compatible dedicated focus group,Montgomery,Yadel
909547822-X,Down-sized even-keeled open system,Tamas,Rhycero
002399137-2,Multi-layered zero tolerance website,Talbot,Yakijo
699422943-2,Team-oriented full-range functionalities,Ad,Avaveo
379614434-9,Organized bi-directional productivity,Quinton,Ainyx
271412636-7,Profit-focused object-oriented hardware,Dante,Leenti
996702375-9,Reverse-engineered 6th generation alliance,Massimo,Einti
263604711-5,Multi-lateral explicit function,Bartholomeus,Bluezoom
241746882-4,Synergistic dynamic leverage,Kennie,Feednation
107714940-9,Quality-focused 6th generation policy,Ransom,Wikibox
187856102-2,Enterprise-wide human-resource process improvement,Engelbert,LiveZ
624940855-X,Up-sized exuding local area network,Sergent,Innojam
045918634-5,Multi-channelled even-keeled knowledge user,Brent,Edgeclub
733920460-1,Persevering optimizing intranet,Cross,Photolist
177556145-3,Horizontal high-level time-frame,Davin,Zazio
893704567-2,Vision-oriented executive functionalities,Roger,Viva
765318327-1,Business-focused eco-centric database,Bram,Photofeed
123011161-1,Open-architected solution-oriented extranet,Torre,Wordify
068027888-5,Compatible even-keeled capacity,Stevie,Trudeo
054991332-7,Mandatory bottom-line benchmark,Alfie,Tagchat
900925371-6,Grass-roots real-time benchmark,Hobart,Trupe
452654553-8,Profound scalable encryption,Rafael,Skyndu
820168796-5,Streamlined tangible budgetary management,Jereme,Oodoo
012534237-3,Fundamental well-modulated extranet,Innis,Babblestorm
914135385-4,Managed coherent Graphical User Interface,Rowan,Zoonder
790788024-6,Re-engineered grid-enabled paradigm,Radcliffe,Voonyx
923339365-8,Realigned exuding intranet,Abbie,Avaveo
714012036-6,Horizontal clear-thinking approach,Auberon,Roomm
202529138-8,Implemented needs-based ability,Bernhard,Quaxo
477960134-7,Reverse-engineered full-range standardization,Ches,Yata
362754717-9,Up-sized client-server access,Mathian,Izio
933422655-2,Exclusive maximized standardization,Coop,Flashspan
806307881-0,Profound radical productivity,Dame,Linkbridge
200547812-1,Upgradable radical forecast,Raffarty,Quatz
472962922-1,Networked reciprocal emulation,Alfonse,Divanoodle
482093554-2,Devolved dynamic productivity,Maurizio,Oyondu
542204704-4,Object-based real-time emulation,Roley,Tagopia
618332437-X,Switchable even-keeled strategy,Kermy,Mycat
249462595-5,Switchable web-enabled internet solution,Constantine,Skajo
251982413-1,Virtual logistical hardware,Glyn,Wikivu
057574189-9,Fundamental hybrid protocol,Vincents,Podcat
167075414-6,Synergistic scalable ability,Ronald,Eimbee
630012255-7,Monitored static core,Glen,Omba
698577767-8,Distributed tangible budgetary management,Chrissie,Demimbu
496782702-0,Exclusive leading edge workforce,Royall,Photobug
227057396-X,Enhanced systematic orchestration,Lev,Skyndu
865754876-3,Public-key bottom-line projection,Nolan,Realpoint
006112572-5,Exclusive full-range service-desk,Booth,Voonix
651303801-4,Visionary composite policy,Sarge,Eayo
964662277-1,Optimized optimal success,Gerrard,Edgepulse
126274067-3,User-friendly grid-enabled intranet,Fergus,Oba
945863767-8,Open-architected system-worthy moratorium,Keene,Flashpoint
534429955-9,Re-contextualized 24 hour website,Isidore,Trudoo
448075298-6,Multi-tiered human-resource framework,Rand,Realbridge
237718230-5,Extended well-modulated workforce,Domingo,Flipstorm
849864869-6,Multi-layered multi-tasking array,Krisha,Innojam
338569408-6,Reduced mobile toolset,Jethro,Quimm
569529036-8,Enterprise-wide incremental superstructure,Rriocard,JumpXS
723074797-X,Multi-lateral modular secured line,Berty,Mydo
559681363-X,Centralized coherent parallelism,Jermayne,Edgetag
314949849-X,Quality-focused multimedia neural-net,Bryon,Podcat
679138699-1,Synergized grid-enabled complexity,Kin,Meembee
826118125-1,Monitored systematic approach,Garwood,Bubblemix
721154504-6,Profound user-facing leverage,Tore,Latz
867961856-X,Optimized real-time info-mediaries,Broderic,Lajo
117211404-8,Robust bottom-line firmware,Aldon,Mybuzz
155972569-9,Right-sized interactive contingency,Evelin,Brightbean
291330317-X,Universal bandwidth-monitored knowledge base,Jed,Meemm
954115271-6,Total contextually-based software,Gustavus,Shufflester
964108573-5,Innovative responsive capacity,Lemmie,Yambee
027752326-5,Adaptive system-worthy function,Tome,Skivee
032664302-8,Multi-layered discrete local area network,Vlad,Gabtune
344795158-3,Diverse transitional definition,Granville,DabZ
901447952-2,Fundamental 3rd generation adapter,Tally,Skidoo
690615768-X,Open-architected background array,Roma,Innotype
261041381-5,Visionary real-time function,Bogart,Oyoba
837731808-3,Seamless bandwidth-monitored attitude,Wilbert,Tagfeed
304137306-8,Mandatory neutral matrices,Wilfrid,Jaxspan
492229700-6,Pre-emptive optimizing support,Munroe,Blogspan
382390787-5,Stand-alone 5th generation hardware,Merle,Oyoyo
540155342-0,Realigned contextually-based circuit,Bronny,Jabbersphere
343805667-4,Versatile static solution,Odey,Divavu
819668987-X,Adaptive dedicated flexibility,Jay,Fadeo
495436485-X,Reactive intangible internet solution,Van,Trilith
102768207-3,Configurable neutral algorithm,Zedekiah,Quamba
024089748-X,Expanded intangible internet solution,Phillip,Demivee
643282046-4,Horizontal eco-centric adapter,Keven,Bluejam
918287747-5,Expanded responsive alliance,Cully,Meevee
051243710-6,Future-proofed clear-thinking info-mediaries,Walther,Janyx
798579658-4,Cross-group high-level secured line,Oswell,Oozz
726053463-X,Self-enabling responsive artificial intelligence,Salvatore,Zoomcast
838326294-9,Compatible clear-thinking extranet,Georg,Blogpad
705855292-4,Total discrete adapter,Nigel,Tavu
316374201-7,Automated bandwidth-monitored hardware,Niven,Yombu
982465660-X,Enhanced coherent groupware,Issiah,Eidel
137713651-5,Diverse optimizing hardware,Griswold,Dynabox
962637283-4,Adaptive bandwidth-monitored hub,Natal,Jabberbean
577949872-5,Customizable bi-directional paradigm,Irvin,Twitterlist
783507858-9,Fully-configurable needs-based service-desk,Erik,Zoomdog
762756267-8,Synergistic tangible internet solution,Hamlin,Tambee
832797921-3,Enterprise-wide heuristic knowledge base,Keene,Kazu
868253952-7,Function-based scalable access,Spencer,Skimia
966235932-X,Horizontal heuristic interface,Mattias,Eare
778730946-6,Assimilated coherent circuit,Chance,Yozio
793943529-9,Stand-alone content-based encoding,Sutherland,Voonyx
443929536-3,Profound mission-critical open system,Maurie,Mydeo
918625804-4,Robust composite moratorium,Hoyt,Trudeo
411661934-5,Programmable upward-trending open system,Zeke,Eazzy
004895726-7,Open-architected logistical conglomeration,Constantine,Jabbersphere
037198525-0,Implemented attitude-oriented monitoring,Neel,Kare
809694460-6,Ergonomic upward-trending matrix,Harwilll,Dynava
380616115-1,Upgradable neutral hub,Archer,Topicshots
189153983-3,Proactive client-server open system,Kim,Bluejam
093470583-6,Down-sized zero administration core,Alastair,Thoughtblab
339939311-3,Integrated hybrid orchestration,Domingo,Buzzshare
343127095-6,Streamlined maximized emulation,Ronnie,Thoughtmix
687670495-5,Right-sized optimizing software,Shayne,Meeveo
767336540-5,Cross-platform directional paradigm,Brock,Dazzlesphere
125160706-3,Persistent 3rd generation instruction set,Perry,Janyx
636443694-3,Digitized 24/7 project,Etan,Aimbu
167024238-2,Reduced multi-state groupware,Tremayne,Janyx
802191715-6,Grass-roots intangible functionalities,Lorrie,Podcat
361965653-3,Progressive systemic hub,Clive,Blogtags
447718917-6,Fully-configurable web-enabled standardization,Nathan,Zooveo
953195518-2,Enhanced contextually-based implementation,Bennie,Topdrive
218803397-3,Enterprise-wide non-volatile productivity,Ricki,Divape
388908119-3,Stand-alone fresh-thinking customer loyalty,Patty,Katz
892353283-5,Digitized solution-oriented success,Eal,Blogtags
031768533-3,Reactive composite system engine,Leif,Wikivu
533606575-7,Streamlined empowering Graphic Interface,Saundra,Gevee
636471778-0,Digitized regional challenge,Maddy,Babblestorm
411787875-1,Reactive asymmetric array,Sigvard,Oozz
472051348-4,Persistent secondary time-frame,Clemens,Kanoodle
063996417-6,Operative reciprocal challenge,Gardie,Eamia
048552858-4,Open-architected 24 hour product,Neal,Dabjam
616602722-2,Customizable background superstructure,Stanislas,Fivespan
389131759-X,Multi-layered encompassing middleware,Stavros,Trupe
384316920-9,Business-focused cohesive flexibility,Alonso,Livetube
178915117-1,Front-line maximized hardware,Drake,Wikizz
837595587-6,Self-enabling zero administration groupware,Bruno,Browsezoom
106851410-8,Down-sized system-worthy alliance,Neale,Skajo
298957992-3,Customizable mission-critical superstructure,Johann,Thoughtblab
090857699-4,Down-sized tertiary forecast,Wyndham,Realbuzz
539573072-9,Diverse next generation encoding,Rourke,Fanoodle
831261466-4,Profound asymmetric monitoring,Stephanus,Quaxo
100310468-1,Expanded fresh-thinking workforce,Bat,Fliptune
119770847-2,Universal didactic infrastructure,Base,Cogibox
448465883-6,Managed analyzing interface,Gray,Divape
305134648-9,Profound bottom-line task-force,Emlyn,JumpXS
039840209-4,Public-key motivating synergy,Kasper,Flipstorm
887199516-3,Assimilated user-facing solution,Scottie,Yabox
576616629-X,Team-oriented zero administration parallelism,Edlin,Topiclounge
264263515-5,Reverse-engineered value-added Graphic Interface,Kippy,Pixope
239220845-X,Reactive modular ability,Thoma,Tagfeed
215699896-5,Reverse-engineered tangible projection,Olvan,Skinte
805763212-7,Persevering global capacity,Jermayne,Roomm
000977472-6,Inverse asynchronous parallelism,Currey,Ailane
030941437-7,Streamlined web-enabled leverage,Lemmy,Photofeed
358823915-4,Customizable client-driven firmware,Wyatan,Tazz
613027989-2,Total client-driven functionalities,Bent,Plambee
452626511-X,De-engineered composite challenge,Worthington,Realpoint
670065139-5,Realigned contextually-based implementation,Gallard,Dabjam
400332707-1,Multi-tiered content-based open architecture,Cesaro,Edgetag
572955850-3,Object-based heuristic architecture,Farlay,Blogspan
202159846-2,Cross-group heuristic methodology,Rock,Topicware
997928531-1,Reactive human-resource algorithm,Jorgan,Realcube
918034245-0,Assimilated 24/7 benchmark,Courtney,Edgetag
863798207-7,User-friendly next generation process improvement,Burty,Dynabox
044688320-4,Diverse discrete analyzer,Izzy,Youbridge
009184002-3,Multi-lateral exuding focus group,Jarrett,Roombo
032662296-9,Polarised grid-enabled productivity,Waiter,Eayo
736649444-5,Organic bottom-line hub,Wade,Voonder
815337634-9,Grass-roots dedicated system engine,Thaxter,Zoonoodle
864624494-6,Synergized 24/7 adapter,Evyn,Wordify
288125280-X,Synergistic object-oriented adapter,Matthew,Brainlounge
186593777-0,Object-based eco-centric support,Minor,Einti
995040127-5,Distributed empowering time-frame,Olag,Skaboo
170897639-6,Face to face context-sensitive challenge,Peirce,Gigabox
887321659-5,Innovative high-level attitude,Skipp,Divanoodle
693659157-4,Universal fresh-thinking time-frame,Kip,Zoombox
357598668-1,Multi-tiered scalable forecast,Desmond,Latz
570735613-4,Organic 4th generation functionalities,Tabb,Zooxo
906635022-9,Public-key real-time core,Foster,Brainsphere
028171966-7,Right-sized client-driven database,Hobey,Thoughtmix
314500288-0,Multi-lateral bifurcated system engine,Feliks,Devpulse
311664682-1,Cloned upward-trending data-warehouse,Richardo,Yata
847251516-8,Extended modular orchestration,Zed,Kwimbee
961343435-6,Adaptive analyzing software,Kerr,Yata
703577782-2,Intuitive disintermediate website,Huntington,Realpoint
415666334-5,Open-architected exuding flexibility,Robinson,Twitterbeat
781737158-X,Synergized systemic moratorium,Charlton,Snaptags
616602667-6,Customer-focused well-modulated open architecture,Torin,Ailane
564074943-1,Pre-emptive solution-oriented Graphic Interface,Arvie,Fivebridge
046776229-5,Streamlined foreground projection,Tristam,Oodoo
127704203-9,Devolved full-range instruction set,Rice,Rhybox
967458727-6,Realigned empowering matrices,Iago,Buzzster
572699510-4,Reverse-engineered homogeneous array,Jamal,Quatz
889270803-1,Seamless impactful definition,Maurie,Jaxspan
794909326-9,Function-based attitude-oriented forecast,Ado,Photofeed
332783036-3,Cross-group global hub,Alphonse,Topicshots
780283279-9,Function-based high-level capability,Marlin,Meedoo
576916654-1,Virtual demand-driven conglomeration,Joshua,Realcube
586819284-2,Stand-alone 24/7 adapter,Brannon,Zooveo
117571464-X,Persevering interactive matrices,Caldwell,Plajo
525054440-1,Sharable bifurcated info-mediaries,Amerigo,Yabox
746327000-9,Synergistic motivating approach,Bradley,Meevee
906055758-1,Reverse-engineered full-range algorithm,Dario,Aimbu
058936235-6,Fundamental stable toolset,Conny,Trupe
645157248-9,Phased client-driven groupware,Erroll,Meembee
562634358-X,Innovative user-facing process improvement,Yorgos,Voonte
723484371-X,Mandatory intangible success,Batholomew,Gabcube
055299968-7,Re-contextualized mobile neural-net,Waldemar,Trudoo
845456328-8,Public-key responsive utilisation,Geoff,LiveZ
168844460-2,Operative composite functionalities,Ira,Dabvine
459129348-3,De-engineered optimizing time-frame,Desi,Eimbee
215035078-5,Horizontal bandwidth-monitored superstructure,Jorgan,Jaloo
198794982-X,Profit-focused high-level matrices,Erv,Mynte
233147023-5,Profound radical pricing structure,Kip,Eabox
046706004-5,Digitized clear-thinking budgetary management,Conrad,Wikivu
580848796-X,Inverse exuding budgetary management,Hartley,Devshare
683882134-6,Assimilated 24/7 capability,Oliver,Bubbletube
536118264-8,Virtual full-range support,Berty,Abatz
616090120-6,Triple-buffered 24 hour frame,Humberto,Abatz
721311423-9,Customizable grid-enabled installation,Bertram,Yombu
725010775-5,Triple-buffered radical customer loyalty,Barbabas,Browsecat
387493997-9,Reactive bi-directional portal,Birch,Izio
496550352-X,Phased composite matrices,Neal,Thoughtstorm
472598540-6,Visionary reciprocal function,Demetri,Oyonder
988127725-6,Synchronised transitional standardization,Osmond,Oyoloo
600322789-3,Synergistic leading edge project,Eugenius,Oyoyo
561855353-8,Visionary intangible hierarchy,Burty,Jayo
871448110-3,Centralized 4th generation capability,Ly,Pixoboo
813913200-4,Customizable modular emulation,Federico,Abata
142379732-9,Sharable next generation complexity,Eduardo,Skyble
718586756-8,Reactive interactive approach,Kennith,Kimia
246452163-9,Enhanced didactic complexity,Prescott,Edgeclub
205027115-8,Synergized 6th generation encryption,Burch,Thoughtbridge
288178222-1,Stand-alone 3rd generation matrix,Coop,Oyondu
070163324-7,Multi-tiered attitude-oriented throughput,Shem,Zoovu
849736486-4,Extended value-added application,Frants,Jabberstorm
813097563-7,Reactive global product,Gerek,Trudoo
688978668-8,Multi-lateral human-resource architecture,Ludvig,Photospace
158836671-5,Managed actuating hierarchy,Derrick,Voonix
788795051-1,Business-focused 6th generation challenge,Merrel,Realfire
185419559-X,Reduced well-modulated synergy,Zack,Mydo
094740695-6,Implemented responsive forecast,Gibby,Dabtype
185512744-X,Extended upward-trending forecast,Estevan,Vimbo
580448923-2,Customer-focused bottom-line knowledge user,Gaby,Quamba
127078266-5,Fundamental dynamic data-warehouse,Shaine,Wikizz
754061326-2,Diverse fault-tolerant knowledge user,Stu,Dynabox
622388921-6,Virtual real-time open architecture,Howey,Bubblebox
377859876-7,Advanced fault-tolerant utilisation,Trace,Buzzdog
304138537-6,Object-based content-based migration,Del,Fliptune
652622006-1,Business-focused dedicated data-warehouse,Maurie,Dabjam
171551233-2,Face to face responsive artificial intelligence,Ogdon,Fivechat
503228607-9,User-centric tangible hierarchy,Buck,Lazzy
213540518-3,Decentralized context-sensitive concept,Franzen,Meedoo
795899830-9,De-engineered executive Graphical User Interface,Jeremie,Jabberbean
387580289-6,Configurable exuding access,Dillon,Browsecat
906470643-3,Optimized zero defect secured line,Bearnard,Realpoint
292322196-6,Organic 5th generation implementation,Gery,Tagtune
716577495-5,Profit-focused real-time alliance,Brock,Oyoba
497290981-1,Expanded dynamic challenge,Ewart,Yacero
018035655-0,Intuitive optimal paradigm,Aymer,Brainbox
875411904-9,Multi-channelled 24 hour orchestration,Ber,Gabtype
087531647-6,Team-oriented asymmetric success,Rock,Shufflebeat
766937225-7,Focused intangible infrastructure,Fields,Twitterlist
193437158-0,Centralized national forecast,Jarred,Skibox
761972801-5,Seamless actuating budgetary management,Harv,Meedoo
405654213-9,Switchable upward-trending support,Prentiss,Kwilith
855752928-7,Object-based non-volatile Graphical User Interface,Emerson,Ailane
740566814-3,Digitized intermediate extranet,Dru,Mydeo
445071652-3,Operative asynchronous orchestration,Fraser,Vinder
096928712-7,Fully-configurable zero tolerance moratorium,Duffy,Gabcube
363606991-8,Multi-channelled transitional utilisation,Dionysus,Brainverse
973192199-0,Persevering transitional process improvement,Adamo,Jatri
650251396-4,Multi-tiered neutral Graphical User Interface,Mayer,Photofeed
983129081-X,Compatible modular middleware,Edgard,Twinder
585601125-2,Total value-added open architecture,Hasty,Vinte
260377631-2,Self-enabling 3rd generation knowledge user,Thorvald,Shuffletag
921334430-9,Compatible 24/7 database,Hercules,Yakitri
760246852-X,Grass-roots solution-oriented contingency,Dominique,Meezzy
544270964-6,Integrated discrete support,Sergio,Katz
377638085-3,Diverse systematic initiative,Terrence,Ntags
830917502-7,Fundamental contextually-based artificial intelligence,Sig,Twinte
096899223-4,Customizable intangible firmware,Alister,Voolia
430500643-X,Multi-layered dynamic knowledge base,Mickey,Lazzy
144784343-6,Configurable foreground challenge,Terrel,Camimbo
395243603-8,Grass-roots holistic open system,Sylvan,Zoombeat
927657729-7,Front-line background hub,Bud,Twitterbridge
252868098-8,Synergized even-keeled knowledge base,Codie,Zoomlounge
679130405-7,Adaptive zero defect alliance,Rickert,Dablist
731536566-4,Team-oriented bottom-line knowledge user,Mendel,Meembee
194270700-2,Automated 4th generation intranet,Sidney,Topiclounge
